date,equity,positions,return
2021-01-04,1000000.0,0,
2021-01-05,999723.4570899999,5,-0.00027654291000012154
2021-01-06,1008264.95709,5,0.00854386274466612
2021-01-07,1037026.85709,5,0.02852613273698501
2021-01-08,1026307.35709,5,-0.010336762183845494
2021-01-11,1004959.3025,3,-0.020800839478078426
2021-01-12,1013452.9914799999,5,0.00845177407569686
2021-01-13,1012562.39148,5,-0.0008787778096143173
2021-01-14,1006711.0376599999,4,-0.005778758789813931
2021-01-15,999120.97816,4,-0.007539461887337784
2021-01-18,1009466.1220200002,5,0.01035424546790309
2021-01-19,992453.52242,4,-0.016853066416886775
2021-01-20,1019804.61354,5,0.02755906498604288
2021-01-21,1042201.81354,5,0.021962246201508773
2021-01-22,1062826.11354,5,0.01978916149641541
2021-01-25,1061957.8314800002,4,-0.0008169558961135248
2021-01-26,1036250.0491200001,2,-0.02420791259119237
2021-01-27,1033949.9494200002,3,-0.0022196377234946496
2021-01-28,1006632.7534800001,2,-0.02642023045247388
2021-01-29,1006057.95348,2,-0.0005710126140967553
2021-02-01,1015116.9053100001,4,0.00900440357204535
2021-02-02,1035323.74665,5,0.019905925351355602
2021-02-03,1031997.54665,5,-0.003212714873741196
2021-02-04,1027620.5466499999,5,-0.0042412891524872265
2021-02-05,1018525.8729100002,3,-0.00885022566904492
2021-02-08,1024141.2872700001,5,0.005513276107514287
2021-02-09,1031546.08727,5,0.007230252399782255
2021-02-10,1057827.78727,5,0.025477969743024076
2021-02-18,1039729.4317700001,2,-0.01710898098707292
2021-02-19,1035549.6407400001,4,-0.004020075706508086
2021-02-22,1036111.93986,3,0.0005429958138927216
2021-02-23,1027312.94978,4,-0.008492316072710171
2021-02-24,1021163.94978,4,-0.005985517851514244
2021-02-25,1023851.1131400001,3,0.0026314710390815677
2021-02-26,1006930.48358,2,-0.016526455207053536
2021-03-01,1010943.6481700001,5,0.00398554285071584
2021-03-02,999135.04817,5,-0.011680769765333499
2021-03-03,1026507.34817,5,0.02739599621706268
2021-03-04,1000932.7373200001,4,-0.024914201438102634
2021-03-05,986775.3100100001,1,-0.014144234454661286
2021-03-08,962854.6518300001,3,-0.024241241078232556
2021-03-09,940351.6323800001,2,-0.023371148913525874
2021-03-10,931995.7430100001,5,-0.008885919992345337
2021-03-11,944320.6430100001,5,0.013224202033579324
2021-03-12,942953.06341,4,-0.0014482152964919726
2021-03-15,939056.2304400002,5,-0.004132584241157922
2021-03-16,941908.6304400002,5,0.0030375177838535272
2021-03-17,951257.8304400002,5,0.009925803520488552
2021-03-18,959736.33044,5,0.00891293582947772
2021-03-19,960418.0304400001,5,0.0007102992544707476
2021-03-22,966632.1304400001,5,0.006470203393779572
2021-03-23,961263.4304400001,5,-0.005554026015622049
2021-03-24,947064.8574300001,4,-0.014770740840001517
2021-03-25,949136.8192100002,5,0.002187771791704707
2021-03-26,961144.9192100001,5,0.012651600651204964
2021-03-29,969961.9080300002,4,0.009173422908219875
2021-03-30,982491.7806200002,2,0.012917901709612822
2021-03-31,973308.1115800003,4,-0.009347324039906568
2021-04-01,990936.4853600002,5,0.01811181225170655
2021-04-02,1012976.8853600002,5,0.022241990607493767
2021-04-06,1007760.6853600002,5,-0.00514937712339425
2021-04-07,990049.6854600002,4,-0.017574608890079113
2021-04-08,995650.9017400004,5,0.005657510286867895
2021-04-09,990415.8017400003,5,-0.005257967416944287
2021-04-12,969178.9530800002,3,-0.021442356455430467
2021-04-13,968815.2585200001,5,-0.00037526048088876163
2021-04-14,979521.8585200002,5,0.011051229742557789
2021-04-15,975034.2585200003,5,-0.004581418945341809
2021-04-16,980737.0585200002,5,0.005848820131362453
2021-04-19,991352.8585200002,5,0.010824308011792683
2021-04-20,991927.6978800001,4,0.0005798534346872497
2021-04-21,993819.0545000003,4,0.0019067484697146142
2021-04-22,1000096.9218400002,5,0.006316911827735527
2021-04-23,1013879.4218400003,5,0.013781164304198512
2021-04-26,1006982.8218400002,5,-0.006802189541912251
2021-04-27,1011759.3218400002,5,0.004743377837640006
2021-04-28,1030098.0663500002,4,0.018125599749008403
2021-04-29,1027990.5972300003,5,-0.002045891734820393
2021-04-30,1028984.8972300002,5,0.000967226745730132
2021-05-06,1019880.8898500002,3,-0.008847561713012375
2021-05-07,1004712.9413700001,2,-0.014872274430233534
2021-05-10,1024382.0671300001,5,0.01957686116113888
2021-05-11,1000769.4735300002,4,-0.02305057298216384
2021-05-12,1004926.9328300003,4,0.004154262704812117
2021-05-13,998845.2304300002,5,-0.006051885168281035
2021-05-14,1018477.8304300002,5,0.01965529733925675
2021-05-17,1041540.4304300002,5,0.022644184596794847
2021-05-18,1037907.2304300002,5,-0.0034882947352317117
2021-05-19,1046851.8304300002,5,0.008617918574759686
2021-05-20,1052234.2304300002,5,0.005141510807493255
2021-05-21,1048902.2304300002,5,-0.0031665953298614102
2021-05-24,1053721.83043,5,0.004594899181427081
2021-05-25,1072941.2304300002,5,0.01823953860019878
2021-05-26,1066997.4304300002,5,-0.0055397255985940586
2021-05-27,1082081.6304300001,5,0.014137053726475335
2021-05-28,1085409.2304300005,5,0.0030751838922522534
2021-05-31,1106971.7751900002,2,0.019865820333458295
2021-06-01,1114896.8472700003,4,0.007159235906118555
2021-06-02,1093759.0230300003,3,-0.018959443908877494
2021-06-03,1083966.6230300004,3,-0.008952977569842036
2021-06-04,1091959.2554200003,5,0.007373504146888088
2021-06-07,1108583.5554200003,5,0.015224285995548259
2021-06-08,1120240.9554200002,5,0.010515580844588035
2021-06-09,1127817.3554200002,5,0.0067631878332454765
2021-06-10,1130746.75542,5,0.0025974063849274476
2021-06-11,1095662.9274600002,3,-0.031027131222648108
2021-06-15,1095536.3274100001,4,-0.00011554653062273434
2021-06-16,1079944.89287,3,-0.01423178232424327
2021-06-17,1098242.5602900002,5,0.01694314917437434
2021-06-18,1122207.36029,5,0.021821044700427228
2021-06-21,1152318.3428900002,3,0.026831923996843976
2021-06-22,1151401.1847700002,5,-0.0007959242562257662
2021-06-23,1164753.1847700002,5,0.01159630559409841
2021-06-24,1154730.7847700003,5,-0.008604741443122954
2021-06-25,1160876.58477,5,0.00532227951402886
2021-06-28,1170745.3847700001,5,0.008501162078271562
2021-06-29,1158390.51057,4,-0.010552998423672966
2021-06-30,1178192.2904400001,5,0.017094217959586544
2021-07-01,1155043.3546800003,4,-0.019647841823302703
2021-07-02,1134665.9170000004,3,-0.017642140961579234
2021-07-05,1146771.8229500004,4,0.010669136852200056
2021-07-06,1130139.2042700003,4,-0.014503860617375186
2021-07-07,1159702.8038300003,4,0.026159254938064258
2021-07-08,1186831.5921300005,5,0.023392879805416822
2021-07-09,1174001.9921300004,5,-0.010809958283108156
2021-07-12,1192461.1921300003,5,0.015723312331446193
2021-07-13,1148166.2902500003,2,-0.03714578065293639
2021-07-14,1146120.2902500003,2,-0.0017819718427324327
2021-07-15,1148328.8958800002,5,0.0019270277725544904
2021-07-16,1131893.0958800004,5,-0.014312798414259698
2021-07-19,1130584.4958800003,5,-0.0011561162487546683
2021-07-20,1151023.6958800002,5,0.018078436485272187
2021-07-21,1188079.5958800004,5,0.03219386371682775
2021-07-22,1212045.8958800004,5,0.020172301656479874
2021-07-23,1210111.9958800003,5,-0.001595566641967805
2021-07-26,1219560.9958800003,5,0.007808368177631975
2021-07-27,1218303.2171900005,0,-0.0010313372551671307
2021-07-28,1218069.3446000007,2,-0.00019196583141201096
2021-07-29,1229205.7781000007,4,0.009142692531727059
2021-07-30,1189116.7418500008,3,-0.03261377139958288
2021-08-02,1198470.3196900005,5,0.00786598784695225
2021-08-03,1205668.8196900005,5,0.006006406568217715
2021-08-04,1221194.1196900005,5,0.01287691922230505
2021-08-05,1212597.3196900005,5,-0.0070396670450577625
2021-08-06,1197684.7738300005,4,-0.012298019810741745
2021-08-09,1193267.8533900008,5,-0.0036878822679486944
2021-08-10,1216962.3533900008,5,0.019856815829476515
2021-08-11,1206509.9533900004,5,-0.008588926330287738
2021-08-12,1190584.2525500008,4,-0.013199808915999589
2021-08-13,1181965.3961900007,3,-0.0072391822263230265
2021-08-16,1174555.9094800008,2,-0.006268784800201321
2021-08-17,1149634.3558000007,1,-0.021217852193203268
2021-08-18,1154023.3920500006,5,0.0038177671255708034
2021-08-19,1147862.1920500007,5,-0.005338886579287827
2021-08-20,1112420.2931500007,4,-0.03087644069598916
2021-08-23,1130990.8233900007,5,0.016693807506346747
2021-08-24,1149297.9233900006,5,0.01618678031809906
2021-08-25,1151634.6233900008,5,0.0020331542870171138
2021-08-26,1139825.0926900008,2,-0.01025458114939004
2021-08-27,1132214.2787800007,4,-0.006677177014973723
2021-08-30,1133120.0962900007,5,0.0008000407051711456
2021-08-31,1116941.5091700007,4,-0.01427791032298431
2021-09-01,1139900.9091700008,4,0.02055559741625257
2021-09-02,1120711.6445100005,5,-0.016834151552675425
2021-09-03,1123977.5445100009,5,0.0029141305134099404
2021-09-06,1160104.4445100005,5,0.03214201224611579
2021-09-07,1163356.8445100007,5,0.0028035406772135563
2021-09-08,1148006.9445100008,5,-0.013194489783970975
2021-09-09,1142091.2445100008,5,-0.005153017608726218
2021-09-10,1153188.9445100008,5,0.009716999454593811
2021-09-13,1142577.0445100009,5,-0.009202221414383205
2021-09-14,1142008.7445100008,5,-0.0004973844019803275
2021-09-15,1119612.5214500008,3,-0.01961125356321991
2021-09-16,1122540.5190400006,3,0.002615188320873596
2021-09-17,1112490.6321400008,5,-0.008952805470749947
2021-09-22,1096494.7381100007,4,-0.014378452786816043
2021-09-23,1109092.3353100007,5,0.011488971868405029
2021-09-24,1110703.2353100008,5,0.0014524489519169848
2021-09-27,1109917.0353100009,5,-0.0007078398396674901
2021-09-28,1097171.0209000008,3,-0.011483754194690832
2021-09-29,1093771.1330700007,5,-0.0030987765491757857
2021-09-30,1100574.4330700007,5,0.006220039818480627
2021-10-08,1120668.4088800007,3,0.018257716339955987
2021-10-11,1120498.3475200008,5,-0.00015174993660249658
2021-10-12,1114239.7475200007,5,-0.005585550406077999
2021-10-13,1127480.4146200009,4,0.011883140167518125
2021-10-14,1121063.3689300008,4,-0.005691491937944493
2021-10-15,1116218.2761300008,5,-0.004321872370715685
2021-10-18,1080932.593380001,3,-0.03161181240674327
2021-10-19,1090504.120260001,5,0.008854878591523008
2021-10-20,1090379.720260001,5,-0.00011407568086052589
2021-10-21,1091879.5202600008,5,0.0013754841291822029
2021-10-22,1099198.3202600009,5,0.006702937333468162
2021-10-25,1098722.0202600008,5,-0.00043331580045302687
2021-10-26,1095635.120260001,5,-0.002809536846516858
2021-10-27,1080610.920260001,5,-0.013712776929270643
2021-10-28,1081870.907380001,4,0.001165995175855583
2021-10-29,1092936.567980001,5,0.0102282633949351
2021-11-01,1081302.720920001,3,-0.010644576639522674
2021-11-02,1080454.024250001,4,-0.0007848835054052872
2021-11-03,1074461.607880001,5,-0.005546202092365449
2021-11-04,1096097.907880001,5,0.02013687584676971
2021-11-05,1093026.407880001,5,-0.0028022131763216773
2021-11-08,1089010.303580001,3,-0.0036742975934035416
2021-11-09,1098741.640080001,4,0.008935945296393744
2021-11-10,1096899.740080001,4,-0.001676372254232339
2021-11-11,1106293.192200001,5,0.008563637839238636
2021-11-12,1109987.792200001,5,0.003339621020945316
2021-11-15,1097953.6922000009,5,-0.010841650768202094
2021-11-16,1083573.4016900011,3,-0.013097356119988524
2021-11-17,1085747.087830001,5,0.0020060349733665994
2021-11-18,1081254.250130001,4,-0.004138014967168369
2021-11-19,1087262.531650001,5,0.005556770314916859
2021-11-22,1099748.531650001,5,0.011483886951435318
2021-11-23,1095726.963820001,4,-0.0036568067283219152
2021-11-24,1099021.5638200012,4,0.0030067709463990067
2021-11-25,1097510.971540001,5,-0.0013744882991646445
2021-11-26,1087120.4435900012,2,-0.009467356791358572
2021-11-29,1090325.8246000013,5,0.0029485058706235634
2021-11-30,1090294.8246000013,5,-2.843186807155451e-05
2021-12-01,1085729.6246000011,5,-0.00418712434196411
2021-12-02,1093377.6246000011,5,0.00704411100767155
2021-12-03,1096877.3246000013,5,0.0032008154559413082
2021-12-06,1089527.7246000012,5,-0.006700475828215535
2021-12-07,1072739.4924400013,4,-0.015408724148037067
2021-12-08,1084092.0960000013,5,0.010582814970462096
2021-12-09,1084155.3830000013,4,5.8377881578142166e-05
2021-12-10,1080688.2322300011,5,-0.0031980201587028523
2021-12-13,1086397.5322300012,5,0.005283022272037696
2021-12-14,1076093.0452700013,4,-0.009485005860468299
2021-12-15,1073486.0373700012,5,-0.002422660300109958
2021-12-16,1080107.137370001,5,0.006167849202977305
2021-12-17,1058591.6469900012,3,-0.019919774284974046
2021-12-20,1051850.6750400013,3,-0.006367868071854854
2021-12-21,1055892.9485200013,5,0.003843010777025313
2021-12-22,1050480.1485200014,5,-0.005126277249589251
2021-12-23,1059369.2485200013,5,0.008461940011454283
2021-12-24,1049854.3485200012,5,-0.008981665281763695
2021-12-27,1041713.5485200013,5,-0.007754218488951414
2021-12-28,1033222.2156700012,4,-0.008151312673300715
2021-12-29,1023723.0156700013,4,-0.009193762828492935
2021-12-30,1027160.1676200014,2,0.0033575018802820544
2021-12-31,1034968.1398200013,5,0.007601513810734595
2022-01-04,1044375.3398200014,5,0.00908936192145604
2022-01-05,1032945.3026800014,4,-0.010944376704614678
2022-01-06,1043470.6453200013,5,0.010189641806484406
2022-01-07,1039768.1670300014,3,-0.0035482342570972714
2022-01-10,1051142.0294500012,4,0.010938844620034915
2022-01-11,1046205.5707500014,5,-0.004696281341335706
2022-01-12,1065706.8707500012,5,0.018640026917482233
2022-01-13,1056603.7707500013,5,-0.008541842273751543
2022-01-14,1048713.0707500014,5,-0.007467983948608259
2022-01-17,1050355.7707500013,5,0.0015663960389329379
2022-01-18,1053753.2707500013,5,0.0032346183023053143
2022-01-19,1044867.5503600013,3,-0.008432448692354377
2022-01-20,1049250.9363800013,4,0.004195159490300693
2022-01-21,1045502.0311400015,5,-0.0035729348528711347
2022-01-24,1030922.9311400014,5,-0.013944592708350134
2022-01-25,1001663.3185800014,2,-0.028381959190338812
2022-01-26,1002405.3514200015,4,0.000740800652510698
2022-01-27,981638.5118800014,3,-0.020717007855736047
2022-01-28,975519.4118800013,3,-0.006233557389961231
2022-02-07,998333.6552800015,5,0.02338676516547533
2022-02-08,1004980.2552800014,5,0.006657694013266324
2022-02-09,1024423.8669200013,4,0.019347257359382253
2022-02-10,1025197.0785200014,5,0.0007547770263540698
2022-02-11,1008387.9785200013,5,-0.016395969469856553
2022-02-14,1008272.8785200013,5,-0.00011414257453656873
2022-02-15,1018160.5270300013,3,0.009806520358371262
2022-02-16,1024511.3179100014,5,0.006237514332367189
2022-02-17,1031029.4179100012,5,0.006362155191508068
2022-02-18,1038080.3179100014,5,0.006838699146231031
2022-02-21,1039167.7041500013,4,0.001047497213114701
2022-02-22,1031415.4558700013,5,-0.007460055050826475
2022-02-23,1044295.6558700013,5,0.01248788732677597
2022-02-24,1026444.2410100013,4,-0.017094215378237854
2022-02-25,1028333.0243600013,4,0.0018401227017861288
2022-02-28,1032690.0243600014,4,0.004236954271415794
2022-03-01,1031631.7979400014,5,-0.0010247280355554222
2022-03-02,1020853.2575500014,3,-0.010448049790170222
2022-03-03,1017395.5615300013,4,-0.003387064687728314
2022-03-04,1005432.9539400013,3,-0.011758069370786495
2022-03-07,998942.7669400014,3,-0.006455116648570902
2022-03-08,968001.4677400015,1,-0.030974045985417642
2022-03-09,960748.1027600014,3,-0.007493134278953706
2022-03-10,982934.9744000013,5,0.02309332860118296
2022-03-11,960676.6744000014,5,-0.022644732947453394
2022-03-14,909707.2393100015,2,-0.05305576417979885
2022-03-15,909128.4793100014,1,-0.000636204676615626
2022-03-16,911444.8040300014,5,0.002547851896310682
2022-03-17,976547.1040300014,5,0.07142758366951774
2022-03-18,987337.4040300015,5,0.011049441399673121
2022-03-21,981009.9040300015,5,-0.006408650147531225
2022-03-22,991982.4040300015,5,0.011184902369410166
2022-03-23,1037654.9040300015,5,0.046041643293723844
2022-03-24,1028638.2040300013,5,-0.008689497794480139
2022-03-25,979418.3191300014,1,-0.04784955945362146
2022-03-28,978909.2749800014,3,-0.0005197412995625594
2022-03-29,987513.7820200014,5,0.008789892240193442
2022-03-30,1002950.9402600015,4,0.015632347133852198
2022-03-31,989790.9685600016,5,-0.013121251670184741
2022-04-01,987646.6685600015,5,-0.002166417019463851
2022-04-06,997899.7685600015,5,0.010381344185516284
2022-04-07,980728.3685600015,5,-0.017207539816126882
2022-04-08,969535.1685600015,5,-0.011413150020769591
2022-04-11,936667.4883800015,3,-0.033900451727621794
2022-04-12,953594.0713000015,5,0.018071069114691918
2022-04-13,941951.7182400016,4,-0.012208919298468679
2022-04-14,950111.5308200016,5,0.008662665423283311
2022-04-15,944407.1308200015,5,-0.006003926712769059
2022-04-18,941293.7812300015,2,-0.003296618045753985
2022-04-19,939371.0522700015,3,-0.002042644919514447
2022-04-20,938677.3000200015,5,-0.0007385284529723979
2022-04-21,914247.9741700015,4,-0.02602526539150296
2022-04-22,915242.4188600015,5,0.0010877187788169707
2022-04-25,890130.6884300015,1,-0.027437244944654604
2022-04-26,891791.6884300015,1,0.0018660181269893883
2022-04-27,891084.4519300015,5,-0.0007930512351433938
2022-04-28,887465.2519300015,5,-0.004061567893100526
2022-04-29,925152.3519300015,5,0.04246600068908668
2022-05-05,925497.2450900017,4,0.00037279606897255846
2022-05-06,901435.4813000016,0,-0.025998741668496472
2022-05-09,901262.4356000016,2,-0.00019196681691568962
2022-05-10,920310.2772500017,5,0.02113462283304779
2022-05-11,951929.8772500018,5,0.03435754308262573
2022-05-12,946354.2842700016,4,-0.005857146742895947
2022-05-13,951142.4145200017,5,0.005059553625515134
2022-05-16,944107.0145200017,5,-0.007396789263730219
2022-05-17,971943.7145200016,5,0.02948468719316999
2022-05-18,977432.9145200016,5,0.00564765214075269
2022-05-19,998578.3145200016,5,0.021633607468993565
2022-05-20,1005921.8145200018,5,0.007353955011059954
2022-05-23,1004806.9145200017,5,-0.0011083366360158386
2022-05-24,969759.2261400017,4,-0.03488002309054816
2022-05-25,972802.3395400017,5,0.003138009227416916
2022-05-26,976281.0699900016,4,0.003575988984200862
2022-05-27,976740.4305700017,5,0.00047052083065057815
2022-05-30,986920.2673700016,2,0.01042225393911389
2022-05-31,995790.4925000017,5,0.008987782927629917
2022-06-01,992386.3925000017,5,-0.0034184901599669804
2022-06-02,987206.3925000017,5,-0.005219741059680039
2022-06-06,1010243.8925000017,5,0.023336052293644327
2022-06-07,1026607.3925000017,5,0.016197573795280196
2022-06-08,1069709.3925000017,5,0.0419848915124581
2022-06-09,1052947.3925000015,5,-0.01566967637895189
2022-06-10,1066467.5925000017,5,0.012840337604995922
2022-06-13,1026408.0034100018,3,-0.0375628752075744
2022-06-14,1024274.4839600017,3,-0.0020786270595239964
2022-06-15,1027412.3885600017,5,0.003063538777094532
2022-06-16,1028531.1593600018,4,0.001088920877787114
2022-06-17,1038480.6983200018,4,0.009673541602950753
2022-06-20,1045669.0900700017,5,0.006922027305494405
2022-06-21,1061756.6900700019,5,0.015384981876936932
2022-06-22,1046085.6900700018,5,-0.014759502008851899
2022-06-23,1066275.7900700017,5,0.019300617713878587
2022-06-24,1102974.8900700018,5,0.03441801862310956
2022-06-27,1115370.8900700016,5,0.011238696466800757
2022-06-28,1123856.6900700019,5,0.007608052241230512
2022-06-29,1088980.0205300017,3,-0.031033022135435906
2022-06-30,1097954.3059500018,5,0.008241000983316704
2022-07-01,1093561.5059500018,5,-0.004000895097541646
2022-07-04,1089016.6059500016,5,-0.004156053386363379
2022-07-05,1085723.6180000016,4,-0.0030238179399728615
2022-07-06,1082849.4639600017,4,-0.002647224387818281
2022-07-07,1083409.6530800017,5,0.0005173287134034865
2022-07-08,1082851.4530800018,5,-0.0005152252413600511
2022-07-11,1058055.7190200016,3,-0.022898555466193016
2022-07-12,1040689.0279000016,0,-0.016413777467301438
2022-07-13,1040417.3619400016,4,-0.00026104432036555547
2022-07-14,1079051.3995900017,5,0.03713321121243274
2022-07-15,1060655.1995900015,5,-0.017048492784486502
2022-07-18,1068946.6995900017,5,0.007817337814593595
2022-07-19,1054581.4894500016,4,-0.013438658957934835
2022-07-20,1058439.2621500017,5,0.003658107731449034
2022-07-21,1050646.5675200014,3,-0.007362439120191966
2022-07-22,1047531.3152200015,5,-0.0029650811189088078
2022-07-25,1032091.0152200017,5,-0.014739702551762934
2022-07-26,1044183.2152200016,5,0.011716214773386469
2022-07-27,1038530.2152200016,5,-0.005413800870960106
2022-07-28,1040802.5152200016,5,0.002187996041616014
2022-07-29,1026760.7837800016,4,-0.01349125432986864
2022-08-01,1032128.3837800015,4,0.005227702581549032
2022-08-02,1006871.3556800017,2,-0.024470820197289966
2022-08-03,1008483.3073800016,3,0.0016009509962782165
2022-08-04,1014531.1642600016,5,0.005996982632971992
2022-08-05,1055084.1642600016,5,0.039972158006185365
2022-08-08,1056180.8642600016,5,0.0010394431431630657
2022-08-09,1051835.1153600016,4,-0.0041145878012519566
2022-08-10,1040733.5550800017,5,-0.010554468203127332
2022-08-11,1070161.4550800016,5,0.028276113378258305
2022-08-12,1056528.6550800016,5,-0.01273901235676711
2022-08-15,1047878.7457500016,3,-0.008187103386556926
2022-08-16,1043532.1878500017,4,-0.0041479588336234
2022-08-17,1046165.3783500016,5,0.0025233438226999194
2022-08-18,1050659.0783500017,5,0.004295401179388536
2022-08-19,1034995.2262100017,2,-0.014908596387516182
2022-08-22,1033502.8876500017,5,-0.0014418796552954083
2022-08-23,1033202.6876500017,5,-0.00029046846756519695
2022-08-24,1010417.2118300016,4,-0.02205324869201153
2022-08-25,1009070.4915900017,5,-0.0013328358070630042
2022-08-26,998972.7933100017,3,-0.010006930501048505
2022-08-29,999787.9933100017,3,0.0008160382399393651
2022-08-30,999876.9199300016,3,8.894547703608424e-05
2022-08-31,998387.4095700016,4,-0.0014896937116062325
2022-09-01,995757.1598900016,5,-0.002634498046337419
2022-09-02,996091.9598900017,5,0.00033622655551579506
2022-09-05,999315.8598900017,5,0.0032365485615966083
2022-09-06,1018012.2598900016,5,0.01870919971395013
2022-09-07,1019520.2598900017,5,0.0014813181131660969
2022-09-08,1012685.3593500017,4,-0.0067040360146815026
2022-09-09,1028744.6593500017,4,0.01585813387319801
2022-09-13,1018874.8302600016,3,-0.009594051352097677
2022-09-14,1017957.1736900017,3,-0.0009006568252998282
2022-09-15,1016367.1274700017,5,-0.0015619971655941312
2022-09-16,991783.5274700016,5,-0.02418771655985663
2022-09-19,993344.6757900016,4,0.001574081719205811
2022-09-20,986208.7473000017,3,-0.0071837385994190095
2022-09-21,981867.8652400016,4,-0.004401585437042943
2022-09-22,970182.7652400016,4,-0.011900888514305041
2022-09-23,962303.5668400016,5,-0.00812135474087794
2022-09-26,965286.5582000017,4,0.003099844438689603
2022-09-27,991899.0776900016,5,0.027569553583782325
2022-09-28,978922.0776900016,5,-0.013082984238902307
2022-09-29,970072.0056600017,3,-0.009040629720890259
2022-09-30,973574.8156600017,5,0.003610876285020659
2022-10-10,958668.2562600017,4,-0.01531115961529328
2022-10-11,949983.8883700018,5,-0.009058783195638243
2022-10-12,962856.6883700017,5,0.013550545601449304
2022-10-13,968616.8767700018,4,0.005982394337158636
2022-10-14,1006450.6110900017,5,0.03905954482866547
2022-10-17,1004754.1907400017,4,-0.001685547538356258
2022-10-18,1012111.9470800017,5,0.007322941678482575
2022-10-19,1000697.4470800017,5,-0.011277902640050352
2022-10-20,992237.5328800017,2,-0.008454017969852679
2022-10-21,990254.5009500018,5,-0.0019985455743083413
2022-10-24,947186.9002000019,1,-0.04349144660153825
2022-10-25,945037.1703100018,4,-0.0022695941947108444
2022-10-26,967234.3929000018,5,0.023488200556935457
2022-10-27,973333.4929000019,5,0.006305710430450695
2022-10-28,926335.265270002,0,-0.048285842388892775
2022-10-31,926117.424380002,3,-0.00023516419828462087
2022-11-01,977599.8535100019,5,0.05558952652733562
2022-11-02,993740.553510002,5,0.01651053848059414
2022-11-03,974239.8535100019,5,-0.019623532451323866
2022-11-04,1039495.5535100019,5,0.06698114408366274
2022-11-07,1060116.853510002,5,0.019837795294428417
2022-11-08,1047346.5535100019,5,-0.012046124875496611
2022-11-09,1019789.7535100019,5,-0.02631106189985355
2022-11-10,1000830.0246100018,2,-0.018591801726525303
2022-11-11,1002264.8173600018,4,0.00143360282437488
2022-11-14,1013443.7987600019,5,0.01115372026072503
2022-11-15,1059916.9987600017,5,0.04585671159748772
2022-11-16,1051730.498760002,5,-0.007723717998274537
2022-11-17,1045020.9987600017,5,-0.006379486007024426
2022-11-18,1044866.2554800017,4,-0.00014807671825123325
2022-11-21,1032752.4737900018,1,-0.011593619400058874
2022-11-22,1029235.6980500018,0,-0.003405245525187839
2022-11-23,1028951.011130002,5,-0.000276600316661324
2022-11-24,1022110.3111300017,5,-0.00664822710314239
2022-11-25,1011818.0111300019,5,-0.010069656756149015
2022-11-28,993800.2111300018,5,-0.01780735250984289
2022-11-29,1046605.4111300018,5,0.05313462344705866
2022-11-30,1064043.3111300017,5,0.01666138911050785
2022-12-01,1099642.111130002,5,0.03345615693236659
2022-12-02,1092945.0111300019,5,-0.006090254212907542
2022-12-05,1162017.311130002,5,0.06319833047097756
2022-12-06,1144129.3111300017,5,-0.015393918686637309
2022-12-07,1137257.9111300018,5,-0.006005789671810202
2022-12-08,1164309.311130002,5,0.023786512923107628
2022-12-09,1191097.0111300019,5,0.0230073741950938
2022-12-12,1156542.6111300017,5,-0.02901056729813989
2022-12-13,1162149.167340002,0,0.004847686679284813
2022-12-14,1161827.717850002,5,-0.0002765991656095146
2022-12-15,1136074.6178500021,5,-0.022166023072385244
2022-12-16,1141558.6178500021,5,0.004827147718851732
2022-12-19,1132495.217850002,5,-0.007939495929757845
2022-12-20,1093806.084510002,0,-0.034162734402931716
2022-12-21,1093503.5509200022,5,-0.0002765879567541152
2022-12-22,1144929.2509200023,5,0.04702837952079264
2022-12-23,1132872.6509200023,5,-0.0105304323304799
2022-12-26,1117631.1339200023,4,-0.013453866140755055
2022-12-27,1133310.8740800023,5,0.014029441095654294
2022-12-28,1138037.6964800023,4,0.004170808299917672
2022-12-29,1129941.5964800022,4,-0.007114087718747553
2022-12-30,1131790.1263600024,5,0.0016359517038391225
2023-01-03,1142743.9263600023,5,0.009678296130068542
2023-01-04,1174807.4263600023,5,0.02805834208380542
2023-01-05,1187574.4263600023,5,0.010867312985547661
2023-01-06,1173345.2361800023,3,-0.011981724988482045
2023-01-09,1183792.8664900023,5,0.00890414005004514
2023-01-10,1150590.5090500023,3,-0.028047438348269838
2023-01-11,1180873.7936600023,4,0.02631977612522096
2023-01-12,1185681.7260500023,5,0.0040715040132259794
2023-01-13,1183197.6260500024,5,-0.002095081627238593
2023-01-16,1189423.0260500023,5,0.005261504809456863
2023-01-17,1195924.9260500022,5,0.005466431923377479
2023-01-18,1198199.1260500024,5,0.001901624383322753
2023-01-19,1193260.7260500023,5,-0.004121518612920427
2023-01-20,1214426.5260500023,5,0.017737783149927466
2023-01-30,1230859.7463600023,3,0.01353167108713449
2023-01-31,1232414.0754900025,1,0.0012627995468994513
2023-02-01,1231523.7350900024,4,-0.0007224360851656453
2023-02-02,1222810.9087100024,5,-0.0070748343143896
2023-02-03,1213495.7087100022,5,-0.007617858111706899
2023-02-06,1198556.7087100022,5,-0.012310715145322448
2023-02-07,1201000.9087100024,5,0.002039286069852153
2023-02-08,1200691.7076100023,4,-0.0002574528443382018
2023-02-09,1207374.7192700023,5,0.005565968031296498
2023-02-10,1188757.0192700024,5,-0.015419984949872512
2023-02-13,1193537.4192700025,5,0.0040213432371030144
2023-02-14,1193571.3192700024,5,2.8402963704765583e-05
2023-02-15,1187859.0132800024,4,-0.004785894146228098
2023-02-16,1167407.6169600023,3,-0.017217023309465174
2023-02-17,1142187.3153400025,2,-0.021603680885409093
2023-02-20,1163255.0255000025,4,0.018445057020904265
2023-02-21,1157438.6613600024,5,-0.005000076520193963
2023-02-22,1154569.3613600023,5,-0.002479008258311155
2023-02-23,1145655.5613600025,5,-0.007720454308176028
2023-02-24,1139015.5613600025,5,-0.005795808289986937
2023-02-27,1136024.6613600024,5,-0.0026258640368609365
2023-02-28,1145032.1613600024,5,0.007928965194484938
2023-03-01,1164535.8613600023,5,0.017033320685800213
2023-03-02,1158429.5613600023,5,-0.005243548268980547
2023-03-03,1150735.1613600024,5,-0.006642095692867667
2023-03-06,1151925.1613600024,5,0.0010341215250548874
2023-03-07,1131162.6613600024,5,-0.018024174396439996
2023-03-08,1131163.8661600025,3,1.065098806263265e-06
2023-03-09,1128646.5379600024,4,-0.0022254319425405455
2023-03-10,1115148.7999400024,3,-0.011959225112582073
2023-03-13,1138096.2660400022,5,0.02057794090011522
2023-03-14,1128075.6660400021,5,-0.00880470334453054
2023-03-15,1145872.4660400022,5,0.01577624669670774
2023-03-16,1128521.266040002,5,-0.015142348310335008
2023-03-17,1149522.0825200023,4,0.01860914553581461
2023-03-20,1144666.4753600024,3,-0.004224022516692627
2023-03-21,1151413.6234400023,5,0.0058944227207125
2023-03-22,1177939.9234400024,5,0.023038028611081618
2023-03-23,1203952.9234400024,5,0.022083469184092763
2023-03-24,1232683.8234400023,5,0.02386380683217104
2023-03-27,1243053.5234400022,5,0.008412295028794592
2023-03-28,1222091.8234400023,5,-0.016863071142737995
2023-03-29,1223867.8234400023,5,0.0014532459557750066
2023-03-30,1213642.4027200025,3,-0.008355004130477628
2023-03-31,1246362.0618600026,5,0.02695988461400911
2023-04-03,1304770.0017200024,4,0.04686273888410475
2023-04-04,1305057.6958700023,5,0.00022049414810321188
2023-04-06,1291104.2097700024,4,-0.010691853811641616
2023-04-07,1313721.1785700023,5,0.017517539350312417
2023-04-10,1243434.4811800022,0,-0.053501990023870794
2023-04-11,1243090.5620500024,5,-0.0002765880592867642
2023-04-12,1288763.3620500024,5,0.03674132954937748
2023-04-13,1256479.9620500023,5,-0.025049905165404285
2023-04-14,1254203.3591700024,4,-0.0018118895237179133
2023-04-17,1241083.9489700024,5,-0.0104603532625539
2023-04-18,1239365.2489700022,5,-0.001384837827792862
2023-04-19,1237947.0489700022,5,-0.0011442954376674752
2023-04-20,1259900.5489700022,5,0.017733795656498907
2023-04-21,1201247.4391300022,4,-0.046553761634559376
2023-04-24,1194276.2511700024,3,-0.005803290590195687
2023-04-25,1192244.1252800024,2,-0.001701554299525898
2023-04-26,1179760.5082400024,2,-0.010470688657885474
2023-04-27,1162241.7293000026,4,-0.014849436659085002
2023-04-28,1199488.1404000022,5,0.03204704336543873
2023-05-04,1222970.5404000024,5,0.019577017236843464
2023-05-05,1196305.0863000024,4,-0.021803840091911275
2023-05-08,1197987.2835200026,5,0.0014061607187536573
2023-05-09,1176114.3224800024,4,-0.018258091167488555
2023-05-10,1185756.7224800026,4,0.008198522724957469
2023-05-11,1193539.8865000024,5,0.006563879312209364
2023-05-12,1171190.1865000024,5,-0.018725557690023598
2023-05-15,1192635.2804400024,4,0.018310513687009866
2023-05-16,1188194.7159400026,4,-0.003723321431814086
2023-05-17,1186926.4363100026,3,-0.001067400496724713
2023-05-18,1178476.5929100025,4,-0.007119096130565272
2023-05-19,1170855.3025900023,5,-0.006467069745679899
2023-05-22,1161467.5868700023,4,-0.008017827394413146
2023-05-23,1148861.1061100024,2,-0.010853923865385418
2023-05-24,1145176.5061100023,2,-0.0032071762029406425
2023-05-25,1142239.4952300023,5,-0.002564679649232904
2023-05-26,1138363.8176900025,4,-0.003393051593982399
2023-05-29,1138093.0481300026,4,-0.00023785854380842242
2023-05-30,1161448.0263700024,5,0.020521150075008654
2023-05-31,1162690.3263700022,5,0.001069613079357934
2023-06-01,1187574.0263700024,5,0.021401829391398453
2023-06-02,1200436.0263700024,5,0.010830482744149217
2023-06-05,1209953.0263700024,5,0.00792795266964652
2023-06-06,1189915.0263700024,5,-0.01656097349507546
2023-06-07,1197147.7263700026,5,0.006078333191626761
2023-06-08,1186798.7263700026,5,-0.008644714242059592
2023-06-09,1211310.4263700023,5,0.02065362850107899
2023-06-12,1211857.8263700025,5,0.0004519072799864521
2023-06-13,1241580.3263700025,5,0.024526391919282187
2023-06-14,1245529.9640700025,2,0.0031811374714252327
2023-06-15,1245092.9080600024,5,-0.00035089963518175615
2023-06-16,1278765.3381700024,4,0.027044110437080215
2023-06-19,1301663.0601500024,4,0.017906117171402336
2023-06-20,1320482.3601500024,4,0.014457888970000665
2023-06-21,1279366.7580500024,2,-0.031136805262078182
2023-06-26,1255910.3914100025,0,-0.018334356815516983
2023-06-27,1255563.0135200026,5,-0.00027659448665751096
2023-06-28,1212744.4135200027,5,-0.03410310716302234
2023-06-29,1228183.4135200025,5,0.012730629659375658
2023-06-30,1234716.4135200025,5,0.005319238094313894
2023-07-03,1232532.7135200026,5,-0.0017685842482441094
2023-07-04,1253879.6135200025,5,0.017319540297664915
2023-07-05,1228814.5174400026,4,-0.019990033979127242
2023-07-06,1236773.9288000024,5,0.006477309021854394
2023-07-07,1222512.1288000024,5,-0.011531452651041718
2023-07-10,1213825.2288000025,5,-0.007105778172137089
2023-07-11,1236778.8288000023,5,0.01891013587078927
2023-07-12,1200747.8288000026,5,-0.0291329372406538
2023-07-13,1224110.1288000024,5,0.019456458250145303
2023-07-14,1239948.6288000024,5,0.012938786819390646
2023-07-17,1241983.3710100027,1,0.001640989120629488
2023-07-18,1240241.1383300025,2,-0.001402782614217557
2023-07-19,1233100.3608500026,4,-0.005757571861884081
2023-07-20,1209727.1608500027,4,-0.01895482374515589
2023-07-21,1215583.0492900026,3,0.004840668730530462
2023-07-24,1214688.2492900025,3,-0.000736107664978336
2023-07-25,1222724.8492900026,3,0.006616183209722903
2023-07-26,1210371.1374400025,3,-0.010103427485892214
2023-07-27,1214208.8711300027,5,0.003170708199566885
2023-07-28,1246309.8711300024,5,0.02643779069916108
2023-07-31,1250684.7711300028,5,0.0035102827164754657
2023-08-01,1242121.8630600027,4,-0.006846575786049969
2023-08-02,1226898.4544000025,4,-0.01225597029787151
2023-08-03,1246946.6745500024,5,0.016340570059487414
2023-08-04,1244979.8486700025,4,-0.0015773135452722409
2023-08-07,1226143.1318800026,3,-0.015130137897511386
2023-08-08,1224135.906970003,5,-0.0016370233277105406
2023-08-09,1223950.4069700027,5,-0.00015153546182578026
2023-08-10,1238322.3069700028,5,0.011742224127837764
2023-08-11,1198695.1069700029,5,-0.03200071562706641
2023-08-14,1189416.2069700027,5,-0.007740834133756369
2023-08-15,1202257.3167700027,4,0.010796144969902777
2023-08-16,1204735.2681600028,4,0.002061082395121039
2023-08-17,1203379.1358600026,5,-0.001125668298954552
2023-08-18,1186521.4358600026,5,-0.014008635763784083
2023-08-21,1151218.0698800026,1,-0.029753668929218935
2023-08-22,1152610.9407800029,5,0.0012099105603384785
2023-08-23,1130146.6064800029,4,-0.019489954073139137
2023-08-24,1139521.679600003,5,0.008295448631394864
2023-08-25,1131459.6294000028,4,-0.007074942358999414
2023-08-28,1151862.187640003,2,0.018032069116614702
2023-08-29,1177132.580970003,5,0.021938729824767966
2023-08-30,1203344.580970003,5,0.022267670119537675
2023-08-31,1193471.7809700028,5,-0.008204466248596831
2023-09-01,1181697.880970003,5,-0.009865252105441757
2023-09-04,1185509.580970003,5,0.0032256129602865613
2023-09-05,1169680.292990003,4,-0.013352307087259652
2023-09-06,1163372.189930003,5,-0.00539301473898901
2023-09-07,1145828.889930003,5,-0.015079696894813477
2023-09-08,1137995.554970003,4,-0.006836391566701239
2023-09-11,1146691.630170003,5,0.007641572203003211
2023-09-12,1138159.9301700029,5,-0.007440274068046815
2023-09-13,1120091.230170003,5,-0.015875361204555016
2023-09-14,1111706.895770003,4,-0.007485403129821155
2023-09-15,1103991.973060003,1,-0.006939709323882992
2023-09-18,1106687.046160003,5,0.0024412071516515255
2023-09-19,1100622.846160003,5,-0.005479597887263266
2023-09-20,1092068.746160003,5,-0.007772053823746017
2023-09-21,1084326.8461600028,5,-0.007089205718250446
2023-09-22,1105074.246160003,5,0.019133898670381733
2023-09-25,1100914.646160003,5,-0.0037640909780080056
2023-09-26,1097890.246160003,5,-0.0027471702829544586
2023-09-27,1096784.8461600028,5,-0.001006840168100931
2023-09-28,1104153.246160003,5,0.006718181807305212
2023-10-09,1106700.0188300028,0,0.002306539132006291
2023-10-10,1106393.9162900026,5,-0.00027659034498228596
2023-10-11,1134684.0162900027,5,0.025569645298541888
2023-10-12,1139898.0162900027,5,0.004595111877091496
2023-10-13,1139872.016290003,5,-2.2809058028205875e-05
2023-10-16,1124354.0162900027,5,-0.013613809075256889
2023-10-17,1121711.0162900027,5,-0.0023506831137767303
2023-10-18,1104816.1454200025,1,-0.015061696483893883
2023-10-19,1102769.5595700026,2,-0.0018524221052380607
2023-10-20,1088784.420330003,3,-0.01268183286221003
2023-10-23,1073010.3384300028,2,-0.014487791711070841
2023-10-24,1078233.0272700028,5,0.0048673238765264415
2023-10-25,1076365.0272700028,5,-0.001732464089631569
2023-10-26,1076960.927270003,5,0.0005536225954048124
2023-10-27,1103616.1272700028,5,0.024750387247166383
2023-10-30,1133720.7878300028,4,0.027278199199996633
2023-10-31,1126906.9516900028,5,-0.006010153657887929
2023-11-01,1120918.5516900027,5,-0.0053140146052159665
2023-11-02,1107273.2022900027,4,-0.012173363871466836
2023-11-03,1121565.2820900027,5,0.012907455694260328
2023-11-06,1151218.4820900029,5,0.0264391208193806
2023-11-07,1155392.7820900027,5,0.0036259841767145584
2023-11-08,1163997.3820900028,5,0.007447337505809282
2023-11-09,1156149.747750003,4,-0.0067419690634605844
2023-11-10,1148299.4477500028,4,-0.0067900373764536726
2023-11-13,1153964.4364100029,3,0.004933372275933934
2023-11-14,1155986.3867000027,5,0.0017521772995796603
2023-11-15,1149172.1867000028,5,-0.005894706095503799
2023-11-16,1139145.2867000026,5,-0.008725324295216108
2023-11-17,1146370.6867000028,5,0.00634282569954836
2023-11-20,1151559.0437200028,4,0.004525898193485256
2023-11-21,1146664.3566400027,5,-0.004250487290854199
2023-11-22,1134368.1566400027,5,-0.010723451835575215
2023-11-23,1136373.6604400028,4,0.0017679478996839304
2023-11-24,1117767.060440003,4,-0.016373663564848373
2023-11-27,1114911.3340000026,3,-0.002554849343007315
2023-11-28,1113186.228950003,5,-0.0015473024601969643
2023-11-29,1104917.3289500028,5,-0.007428137166051396
2023-11-30,1100662.8795100027,2,-0.0038504685631486346
2023-12-01,1130728.8795100027,2,0.027316266006340628
2023-12-04,1132605.9211600027,4,0.0016600280438696657
2023-12-05,1100507.0139400028,2,-0.028340755262099115
2023-12-06,1112139.2733000028,4,0.010569909335111483
2023-12-07,1124839.5054200029,5,0.011419641788492196
2023-12-08,1145682.0054200029,5,0.018529310092302964
2023-12-11,1170750.305420003,5,0.021880678828336997
2023-12-12,1163223.7054200028,5,-0.006428868705099289
2023-12-13,1150270.294240003,3,-0.011135786796334868
2023-12-14,1147123.3700500028,4,-0.00273581279613877
2023-12-15,1136375.1015500028,5,-0.009369758110264526
2023-12-18,1122403.085330003,3,-0.0122952502223449
2023-12-19,1126269.649780003,4,0.0034448982727655064
2023-12-20,1102158.1248200028,5,-0.021408305697227847
2023-12-21,1122497.4248200026,5,0.018454067108856442
2023-12-22,1079697.3652700027,2,-0.03812931647202933
2023-12-25,1080936.041970003,5,0.0011472443481330696
2023-12-26,1072313.0789000029,4,-0.0079773110852005
2023-12-27,1069044.757140003,5,-0.003047917463948724
2023-12-28,1116921.6571400028,5,0.044784747953943604
2023-12-29,1118934.1571400028,5,0.001801827359273478
2024-01-02,1102382.357140003,5,-0.014792470043372585
2024-01-03,1102924.1571400028,5,0.000491481015176376
2024-01-04,1086795.8352200028,4,-0.014623237523260335
2024-01-05,1075829.8206400028,2,-0.01009022506769186
2024-01-08,1068940.815360003,3,-0.006403434026305166
2024-01-09,1075427.132220003,5,0.006067985024798217
2024-01-10,1077549.4322200029,5,0.001973448443334913
2024-01-11,1104092.832220003,5,0.02463311585187755
2024-01-12,1099220.532220003,5,-0.004412944145469444
2024-01-15,1087084.9827600028,3,-0.011040140812773047
2024-01-16,1091776.757420003,5,0.004315922613601142
2024-01-17,1064235.626140003,3,-0.025225973252153477
2024-01-18,1084659.1763700033,5,0.019190816139163402
2024-01-19,1084164.476370003,5,-0.0004560879682554697
2024-01-22,1039444.758090003,4,-0.04124809404356289
2024-01-23,1061929.5855300033,5,0.021631575189543062
2024-01-24,1058331.9855300032,5,-0.003387795244639058
2024-01-25,1072011.6855300032,5,0.012925717248495783
2024-01-26,1062826.6855300032,5,-0.008568003617851372
2024-01-29,1020277.1956800033,1,-0.040034269396220123
2024-01-30,1015700.1956800033,1,-0.004486035774767583
2024-01-31,1011682.9428800032,0,-0.003955156075667099
2024-02-01,1011403.1322800033,5,-0.00027657933937619283
2024-02-02,974241.7322800034,5,-0.03674242130951988
2024-02-05,957605.5612900034,1,-0.017076019676417142
2024-02-06,973325.4401700033,5,0.01641581828203198
2024-02-07,985979.8401700032,5,0.01300120132253979
2024-02-08,1015139.1195200034,4,0.029573910299192763
2024-02-19,1035127.4811600033,5,0.019690268314604076
2024-02-20,1033623.4811600035,5,-0.0014529611351004057
2024-02-21,1040086.7811600034,5,0.0062530506686500065
2024-02-22,1061213.1811600034,5,0.020312151238416787
2024-02-23,1067862.4811600035,5,0.006265753307673538
2024-02-26,1066649.0248600035,1,-0.0011363413561283897
2024-02-27,1067771.3942400035,4,0.0010522386969298303
2024-02-28,1058178.9819800034,5,-0.008983582358307762
2024-02-29,1068916.5819800035,5,0.010147243692091301
2024-03-01,1071379.6819800034,5,0.0023042958089745103
2024-03-04,1055795.5819800035,5,-0.0145458237281475
2024-03-05,1040644.4819800035,5,-0.014350410494791133
2024-03-06,1043594.2819800036,5,0.002834589575094526
2024-03-07,1030862.9918800036,4,-0.012199463258695697
2024-03-08,1036520.6039100037,5,0.005488228867041034
2024-03-11,1064495.6931100036,4,0.026989419307702267
2024-03-12,1085437.2696100036,5,0.01967276771108173
2024-03-13,1085533.4696100035,5,8.862787624241975e-05
2024-03-14,1075547.6696100035,5,-0.009198979377013194
2024-03-15,1068889.5056500037,2,-0.006190487086838337
2024-03-18,1076457.0799500037,5,0.007079847131063355
2024-03-19,1063407.7799500036,5,-0.012122452667231443
2024-03-20,1064821.7799500036,5,0.0013296874695298833
2024-03-21,1063098.2799500036,5,-0.001618580716935436
2024-03-22,1039591.4377000037,4,-0.022111636048461447
2024-03-25,1026931.5079700036,2,-0.01217779338199343
2024-03-26,1030277.7079700036,2,0.003258445158250689
2024-03-27,1025164.3079700037,2,-0.004963127863918393
2024-03-28,1030858.4363000037,5,0.005554356785279824
2024-03-29,1028936.7363000037,5,-0.0018641744902407886
2024-04-01,1058595.0363000038,5,0.02882422111455507
2024-04-02,1043182.8363000038,5,-0.014559108508451546
2024-04-03,1020878.7608200037,4,-0.021380792229202084
2024-04-08,1007868.4088200037,3,-0.012744267487306282
2024-04-09,1014484.8064500038,5,0.006564743543997276
2024-04-10,997467.6076100038,2,-0.016774227402723163
2024-04-11,996216.3821000039,5,-0.0012544021484546253
2024-04-12,989163.0821000038,5,-0.007080088349010971
2024-04-15,992519.5821000038,5,0.0033932726167600347
2024-04-16,960373.2020100038,3,-0.03238866080806557
2024-04-17,977033.3679600039,5,0.017347595617132283
2024-04-18,974067.2679600038,5,-0.0030358226210770445
2024-04-19,955315.7679600038,5,-0.019250723863528885
2024-04-22,951498.167960004,5,-0.003996165590516743
2024-04-23,944785.7407900039,4,-0.007054587592524086
2024-04-24,961914.7981500039,5,0.01813009724900927
2024-04-25,954318.7981500038,5,-0.00789674929069506
2024-04-26,979013.5981500038,5,0.025876887312575425
2024-04-29,1004033.9981500038,5,0.025556744101695728
2024-04-30,995563.5981500039,5,-0.008436367708271941
2024-05-06,1003495.9077400039,3,0.007967657319673194
2024-05-07,1001880.394230004,3,-0.0016098854988240152
2024-05-08,980044.182790004,2,-0.021795227819366936
2024-05-09,991144.1955000041,5,0.011326032953331122
2024-05-10,1024291.6955000041,5,0.033443670608672704
2024-05-13,1014500.695500004,5,-0.009558800528223221
2024-05-14,1021253.495500004,5,0.006656279320411684
2024-05-15,1030759.7955000041,5,0.009308462631352654
2024-05-16,1058058.595500004,5,0.026484152873616607
2024-05-17,1130244.3955000043,5,0.06822476591278726
2024-05-20,1105451.9955000042,5,-0.021935432813212308
2024-05-21,1095788.195500004,5,-0.008741944507168808
2024-05-22,1102712.195500004,5,0.006318739358969427
2024-05-23,1083120.6955000043,5,-0.017766648523476536
2024-05-24,1047767.0730900042,0,-0.032640519710206206
2024-05-27,1047477.2916000041,5,-0.0002765705254942352
2024-05-28,1037303.8916000042,5,-0.009712286921714774
2024-05-29,1028596.1916000042,5,-0.008394550594588712
2024-05-30,1015694.7916000042,5,-0.012542725809563393
2024-05-31,1011051.2916000041,5,-0.004571747377659863
2024-06-03,1012622.7916000042,5,0.0015543227263110637
2024-06-04,1021473.6916000042,5,0.008740569611330962
2024-06-05,1014315.4752300042,4,-0.007007734441782487
2024-06-06,1015354.3752300041,4,0.0010242375526847702
2024-06-07,1008951.1028300042,5,-0.0063064409394497645
2024-06-11,999586.0465500043,4,-0.00928197239066575
2024-06-12,996114.8788800042,5,-0.0034726051668894087
2024-06-13,998849.4788800043,5,0.0027452656897111183
2024-06-14,1000900.6788800042,5,0.002053562667219788
2024-06-17,1003869.9200300041,2,0.0029665692237539343
2024-06-18,1002191.5010100042,4,-0.0016719487121894527
2024-06-19,1001926.3582500041,5,-0.00026456296998411677
2024-06-20,1000797.7582500041,5,-0.0011264300920990067
2024-06-21,1003790.9582500042,5,0.0029908140534147254
2024-06-24,980406.7654400042,4,-0.02329587910491615
2024-06-25,955618.1076400041,0,-0.025284054204659623
2024-06-26,955434.6589900042,2,-0.0001919685788007719
2024-06-27,943743.7449200042,4,-0.01223622563824367
2024-06-28,950807.7449200042,4,0.007485082722957559
2024-07-01,954716.4449200041,4,0.004110925705941515
2024-07-02,951969.4988800042,5,-0.0028772375867371913
2024-07-03,946807.3988800043,5,-0.005422547682539247
2024-07-04,932598.5988800041,5,-0.015007064812556425
2024-07-05,935051.9988800043,5,0.002630713795781503
2024-07-08,915468.4496100042,2,-0.020943807717064944
2024-07-09,935061.7000400042,5,0.02140243111419826
2024-07-10,939712.0000400043,5,0.0049732547058671805
2024-07-11,943282.4000400043,5,0.0037994619626524617
2024-07-12,918723.1000400042,5,-0.02603599939843937
2024-07-15,926526.2000400042,5,0.008493418745713743
2024-07-16,937435.5512900043,4,0.011774466010274764
2024-07-17,930462.5796700043,4,-0.00743834774604446
2024-07-18,925837.5796700043,4,-0.004970645892756198
2024-07-19,923912.1791800043,3,-0.0020796309550172865
2024-07-22,921313.5716700044,5,-0.0028126131125429943
2024-07-23,894996.6133500044,4,-0.02856460506958225
2024-07-24,884098.4755900044,3,-0.012176736310998915
2024-07-25,895766.3164300043,5,0.013197444812031112
2024-07-26,897814.7164300045,5,0.002286757117820448
2024-07-29,885338.7164300045,5,-0.013895962910486115
2024-07-30,884188.6164300044,5,-0.0012990508363146525
2024-07-31,914543.6164300044,5,0.034330910210720766
2024-08-01,906757.4164300044,5,-0.00851375468607396
2024-08-02,898689.3164300043,5,-0.008897749115485576
2024-08-05,888626.2164300045,5,-0.011197529353052738
2024-08-06,909619.0578200043,4,0.02362392758829146
2024-08-07,905939.7558600042,5,-0.004044882226652002
2024-08-08,902362.0558600043,5,-0.0039491588451194826
2024-08-09,892775.4760600043,4,-0.010623872909708454
2024-08-12,891296.7679200043,1,-0.0016563046137040294
2024-08-13,891101.9475900043,5,-0.00021858076570235863
2024-08-14,888701.6475900043,5,-0.002693631190563206
2024-08-15,896264.5475900044,5,0.00851005511299463
2024-08-16,909405.1475900044,5,0.014661519341955698
2024-08-19,901802.0475900044,5,-0.008360520082989154
2024-08-20,903216.6826600045,4,0.0015686758239024101
2024-08-21,900727.5826600044,4,-0.0027558171231620854
2024-08-22,900373.0826600044,4,-0.00039357071641255015
2024-08-23,899919.5826600045,4,-0.0005036800952112896
2024-08-26,900399.9041000044,5,0.0005337381797827501
2024-08-27,895407.5041000043,5,-0.005544647414184478
2024-08-28,894780.2041000043,5,-0.0007005748747108687
2024-08-29,892177.1401000044,4,-0.0029091658354446492
2024-08-30,897552.4916700046,5,0.006024982403603829
2024-09-02,886586.8014300044,1,-0.012217324715568578
2024-09-03,888375.6135600044,5,0.0020176390254340593
2024-09-04,884041.4135600044,5,-0.004878792184120684
2024-09-05,901914.2135600044,5,0.020217152416001305
2024-09-06,892124.1135600044,5,-0.01085480176807152
2024-09-09,886624.2135600044,5,-0.00616494937913159
2024-09-10,892088.7135600045,5,0.006163265018511943
2024-09-11,898151.3135600045,5,0.0067959608812966366
2024-09-12,891082.4135600044,5,-0.007870500096449184
2024-09-13,879460.0135600044,5,-0.013043013556475525
2024-09-18,870809.7135600044,5,-0.009835921891416244
2024-09-19,887393.8924100044,4,0.019044549678024714
2024-09-20,881758.5234500044,5,-0.006350470752841564
2024-09-23,876119.8744700045,1,-0.006394776835201954
2024-09-24,883713.7283300045,5,0.008667596845230552
2024-09-25,893361.9470500045,4,0.010917810158084462
2024-09-26,918364.7867800046,5,0.027987356986227896
2024-09-27,972446.4867800046,5,0.05888912638911448
2024-09-30,1038223.4867800046,5,0.06764074002447473
2024-10-08,1096526.5177900046,4,0.05615653253118347
2024-10-09,1115814.5133100045,3,0.0175900857909701
2024-10-10,1066632.4234500048,2,-0.04407729893573764
2024-10-11,1043674.4577600047,3,-0.021523783812743003
2024-10-14,1060571.634520005,5,0.016190083636104413
2024-10-15,1034011.3345200047,5,-0.0250433814515707
2024-10-16,1033224.7345200046,5,-0.0007607266707237992
2024-10-17,1019903.2645600047,3,-0.012893100131007307
2024-10-18,1027392.6030700048,5,0.007343185153183329
2024-10-21,1043173.3030700047,5,0.015359950960173174
2024-10-22,1047946.5030700048,5,0.004575653907124444
2024-10-23,1053895.3030700048,5,0.0056766256508062884
2024-10-24,1042627.0030700048,5,-0.010692048790022501
2024-10-25,1052540.5030700048,5,0.009508194177601181
2024-10-28,1062671.8030700046,5,0.009625567824182779
2024-10-29,1049232.3030700048,5,-0.012646896211204406
2024-10-30,1047756.8030700048,5,-0.001406266272666934
2024-10-31,1044110.8519900048,4,-0.003479768462793187
2024-11-01,1044613.8457400048,5,0.00048174362812281046
2024-11-04,1055750.7486700048,3,0.010661262987674336
2024-11-05,1068556.1829700049,5,0.01212922114062609
2024-11-06,1076467.6829700049,5,0.007403915794123472
2024-11-07,1103012.7890000048,3,0.024659454668217506
2024-11-08,1096634.612870005,4,-0.005782504240755215
2024-11-11,1107228.002130005,3,0.009659907808559964
2024-11-12,1106500.914230005,5,-0.0006566740532224502
2024-11-13,1118889.414230005,5,0.011196104621947756
2024-11-14,1085053.5223500049,3,-0.030240604164876395
2024-11-15,1062345.7626500048,2,-0.020927778429601918
2024-11-18,1055713.1272500048,0,-0.006243386694982478
2024-11-19,1055421.1327500048,5,-0.00027658508022976314
2024-11-20,1064270.032750005,5,0.00838423613609418
2024-11-21,1065835.532750005,5,0.0014709612709424835
2024-11-22,1057510.6327500048,5,-0.007810679738290194
2024-11-25,1060763.8050500047,4,0.0030762549323406496
2024-11-26,1032984.2374400047,4,-0.02618826875290159
2024-11-27,1044602.4878400048,5,0.01124726784679031
2024-11-28,1030975.4878400048,5,-0.013045153691120803
2024-11-29,1049805.0878400048,5,0.01826386778549871
2024-12-02,1068598.9878400047,5,0.017902275591623162
2024-12-03,1070205.3878400046,5,0.0015032767373726053
2024-12-04,1067449.0878400048,5,-0.0025754869404673864
2024-12-05,1063015.3878400046,5,-0.004153547040797845
2024-12-06,1067865.8878400046,5,0.004562963109928209
2024-12-09,1058182.486530005,2,-0.009067993856032297
2024-12-10,1058969.692310005,4,0.000743922518110729
2024-12-11,1048594.7624100049,5,-0.00979719247428934
2024-12-12,1048819.562410005,5,0.00021438215033930952
2024-12-13,1028864.0467900049,4,-0.01902664322368819
2024-12-16,1011753.9632700048,2,-0.016630072334029466
2024-12-17,1006975.1755900049,1,-0.004723270531656554
2024-12-18,1008075.7438700049,5,0.0010929447981229412
2024-12-19,1006249.2438700049,5,-0.0018118678195628846
2024-12-20,1013247.4438700048,5,0.006954738145278139
2024-12-23,994161.7114000048,4,-0.01883620095512295
2024-12-24,1002614.342760005,5,0.008502270066403028
2024-12-25,996763.3427600049,5,-0.005835743366580437
2024-12-26,1007401.142760005,5,0.010672342715317251
2024-12-27,999834.042760005,5,-0.007511506269754831
2024-12-30,997379.7427600049,5,-0.0024547073764612515
2024-12-31,973431.6002800049,4,-0.024011057627588706
2025-01-02,962093.6762000049,1,-0.011647376227295947
2025-01-03,960706.977900005,2,-0.001441333972256209
2025-01-06,965780.0779000048,2,0.005280590353459402
2025-01-07,958883.8222600049,3,-0.007140606643072478
2025-01-08,950580.2380000049,4,-0.00865963536690939
2025-01-09,955231.1012000048,5,0.00489265715199938
2025-01-10,937578.5012000048,5,-0.0184799259339693
2025-01-13,940129.6012000048,5,0.0027209454960142043
2025-01-14,985383.2012000049,5,0.04813549104531689
2025-01-15,977016.0012000048,5,-0.008491315855405746
2025-01-16,981187.6012000048,5,0.0042697355978573714
2025-01-17,986804.8012000048,5,0.005724899084670554
2025-01-20,993881.5012000048,5,0.007171327086567203
2025-01-21,1002385.1012000048,5,0.008555949567159438
2025-01-22,993121.6012000049,5,-0.009241458186988294
2025-01-23,986155.5365600049,4,-0.0070143118743795085
2025-01-24,996791.1836000048,5,0.010784959010725625
2025-01-27,974606.2014800048,2,-0.0222563988175305
2025-02-05,971687.258130005,2,-0.002994997718634651
2025-02-06,997702.2406000049,4,0.026772999493752003
2025-02-07,961138.199790005,4,-0.03664824967017288
2025-02-10,972531.415620005,5,0.011853878903667736
2025-02-11,965315.115620005,5,-0.007420120197761948
2025-02-12,979218.0156200051,5,0.014402447216493197
2025-02-13,975647.615620005,5,-0.0036461747466313144
2025-02-14,976711.215620005,5,0.0010901476957172473
2025-02-17,978846.8156200049,5,0.002186521426033039
2025-02-18,985935.322480005,4,0.007241691699747976
2025-02-19,997502.564500005,4,0.011732252366112528
2025-02-20,996259.1764600048,5,-0.0012465010960883705
2025-02-21,1034587.9764600048,5,0.038472719655334275
2025-02-24,1028736.2764600049,5,-0.0056560680513825234
2025-02-25,1015161.7515600049,4,-0.013195339962843944
2025-02-26,1021585.4005500049,4,0.006327709825679317
2025-02-27,1009785.8682200048,4,-0.011550216285048154
2025-02-28,975917.9637400048,3,-0.03353968949842856
2025-03-03,983788.0756300048,3,0.008064317065995308
2025-03-04,989303.0567100048,5,0.005605862905451842
2025-03-05,1000193.3567100049,5,0.011008052513469924
2025-03-06,1049984.9567100047,5,0.04978197432122755
2025-03-07,1034486.5567100048,5,-0.014760592426545038
2025-03-10,1014495.841250005,3,-0.01932428732914293
2025-03-11,1012333.3109200047,2,-0.0021316305519160084
2025-03-12,1012648.9674400047,5,0.0003118108597188751
2025-03-13,1000148.5674400048,5,-0.012344257883954768
2025-03-14,1036490.1674400049,5,0.03633620162354534
2025-03-17,1031865.7674400047,5,-0.004461595628467707
2025-03-18,1042946.9674400049,5,0.010738993723468537
2025-03-19,1038607.747960005,4,-0.0041605370315721535
2025-03-20,1017681.0760700048,3,-0.020148773135096998
2025-03-21,1001443.5521300049,2,-0.01595541503307174
2025-03-24,977285.6211400048,3,-0.024123108026026685
2025-03-25,959072.5074700048,2,-0.01863642856911618
2025-03-26,961575.5516400049,5,0.0026098591613297195
2025-03-27,968469.8516400048,5,0.007169795434421644
2025-03-28,954861.4516400048,5,-0.014051444117703427
2025-03-31,934100.6878900048,4,-0.021742173918889107
2025-04-01,938946.0878900049,4,0.005187235233650389
2025-04-02,939261.9878900048,4,0.0003364410417958652
2025-04-03,929578.5965600049,3,-0.010309574383770226
2025-04-07,888457.0992100049,0,-0.044236708442055406
2025-04-08,888457.0992100049,0,0.0
2025-04-09,888211.3694500049,5,-0.0002765803325996963
2025-04-10,918122.5972900051,4,0.0336757993297494
2025-04-11,925224.932770005,5,0.007735715797611009
2025-04-14,929238.332770005,5,0.0043377559962467505
2025-04-15,925480.5327700049,5,-0.004043957150151378
2025-04-16,911305.0142700049,3,-0.015316927799196467
2025-04-17,911750.0107000051,5,0.000488306794138138
2025-04-18,915503.2107000051,5,0.004116479249743454
2025-04-21,930790.0107000049,5,0.016697702226856626
2025-04-22,924698.3107000049,5,-0.0065446555398877004
2025-04-23,948950.3107000049,5,0.026226932307944928
2025-04-24,937404.8107000049,5,-0.012166601211693884
2025-04-25,945395.0107000051,5,0.008523745460654819
2025-04-28,936630.910700005,5,-0.009270304899864912
2025-04-29,941329.4463400049,3,0.005016421715666297
2025-04-30,945729.658520005,5,0.004674465668856431
2025-05-06,970840.501280005,4,0.026551819046572556
2025-05-07,967769.657810005,3,-0.0031630772160321508
2025-05-08,970720.503840005,5,0.0030491202180047416
2025-05-09,960790.048520005,4,-0.010229984100178058
2025-05-12,971307.958120005,5,0.010947146690582166
2025-05-13,967795.1581200049,5,-0.0036165666827224774
2025-05-14,982050.258120005,5,0.014729459927957711
2025-05-15,967618.294530005,3,-0.014695748481985071
2025-05-16,965506.150310005,4,-0.0021828279104891823
2025-05-19,967838.786070005,5,0.0024159719327019324
2025-05-20,969824.786070005,5,0.002051994638553767
2025-05-21,963967.0860700049,5,-0.006039956994435269
2025-05-22,964732.001670005,4,0.0007935080056713506
2025-05-23,956629.9130000051,3,-0.008398279165586664
2025-05-26,954354.031300005,5,-0.0023790618180261625
2025-05-27,952988.514540005,4,-0.0014308283039784486
2025-05-28,949696.7102100049,4,-0.0034541909789846947
2025-05-29,957967.6415400051,5,0.008709023882131017
2025-05-30,946002.1415400049,5,-0.012490505400333585
2025-06-03,952305.541540005,5,0.006663198446611007
2025-06-04,954813.041540005,5,0.0026330834911922896
2025-06-05,958542.241540005,5,0.003905686074401782
2025-06-06,955905.9415400049,5,-0.002750322193171728
2025-06-09,958405.302860005,4,0.0026146519352872044
2025-06-10,956605.085170005,5,-0.0018783469630518912
2025-06-11,966353.4851700049,5,0.010190621136273226
2025-06-12,976527.2851700048,5,0.010528031570362861
2025-06-13,960814.7869600048,4,-0.01609017837864568
2025-06-16,977577.1080900049,3,0.017445944168944072
2025-06-17,965385.122560005,4,-0.012471635668536263
2025-06-18,966680.3400600051,4,0.0013416588568977428
2025-06-19,947612.6400600051,4,-0.0197249278896231
2025-06-20,942523.4828700051,4,-0.005370503700412699
2025-06-23,961241.5998200051,5,0.019859576222974296
2025-06-24,979987.1998200051,5,0.019501444801712786
2025-06-25,1001870.399820005,5,0.022330087580755498
2025-06-26,993065.899820005,5,-0.008788062808903985
2025-06-27,990817.0329500051,4,-0.0022645696226277767
2025-06-30,1000187.6289300051,5,0.009457443370851637
2025-07-01,996967.1289300052,5,-0.003219895854385979
2025-07-02,983364.0739900051,4,-0.013644436757508371
2025-07-03,997124.9495900051,5,0.01399367331385748
2025-07-04,995124.3495900051,5,-0.002006368410320647
2025-07-07,990720.2787900051,4,-0.0044256487159765046
2025-07-08,1005488.2150600052,4,0.014906262227756706
2025-07-09,1003493.7431800051,5,-0.0019835855359886523
2025-07-10,1011742.9431800052,5,0.008220479754919907
2025-07-11,1026569.9431800051,5,0.014654908245168574
2025-07-14,987907.5756600052,3,-0.037661698335171856
2025-07-15,990717.5756600052,3,0.0028443956390582503
2025-07-16,990074.6321500052,5,-0.0006489675017339325
2025-07-17,1005799.6321500052,5,0.015882641054899338
2025-07-18,1011459.1321500052,5,0.005626866245618034
2025-07-21,1023427.756990005,4,0.011833028601520246
2025-07-22,1025530.4034300053,5,0.0020545137901910593
2025-07-23,1022877.8650300052,4,-0.0025865039116620414
2025-07-24,1035989.1852800052,5,0.012818070170689921
2025-07-25,1036786.9852800053,5,0.0007700852589347384
2025-07-28,1039639.8852800052,5,0.0027516742016484574
2025-07-29,1048881.9309600051,4,0.00888966055540541
2025-07-30,1042131.2897100052,5,-0.006436035411365504
2025-07-31,1030365.9897100052,5,-0.011289652384656734
2025-08-01,1025046.2794500052,3,-0.005162932698794975
2025-08-04,1028232.1784700053,5,0.0031080538351004883
2025-08-05,1030009.5642200053,4,0.001728584056418736
2025-08-06,1035318.9450200052,5,0.005154690776119741
2025-08-07,1047379.9450200052,5,0.011649550177763812
2025-08-08,1046646.0450200053,5,-0.0007007008330542908
2025-08-11,1054022.6408700054,4,0.007047841899463725
2025-08-12,1046935.1260200052,5,-0.006724252947877818
2025-08-13,1059974.026020005,5,0.01245435335575018
2025-08-14,1052441.8260200052,5,-0.0071060231808527385
2025-08-15,1072446.5260200053,5,0.019007891462895943
2025-08-18,1103688.5260200053,5,0.029131522404145738
2025-08-19,1101843.7052400052,4,-0.0016715049006197358
2025-08-20,1109767.1681000052,5,0.007191095091181099
2025-08-21,1098756.8681000054,5,-0.009921270259643844
2025-08-22,1120225.4681000053,5,0.01953899049306873
2025-08-25,1161639.5708100053,3,0.03696943507296058
2025-08-26,1154664.9132100053,4,-0.006004149458456065
2025-08-27,1140952.4644500052,4,-0.011875695366787453
2025-08-28,1166113.9332900052,5,0.02205303868827624
2025-08-29,1179750.5332900053,5,0.011694054595099868
2025-09-01,1196126.3272400054,4,0.013880726041574531
2025-09-02,1166573.6144200051,3,-0.0247070164304396
2025-09-03,1168576.0491800052,4,0.0017165095586322288
2025-09-04,1144972.7433300053,2,-0.020198348123395493
2025-09-05,1188332.3843800053,5,0.037869583623356906
2025-09-08,1201005.8843800055,5,0.010664945402975246
2025-09-09,1186020.5843800055,5,-0.012477291073170638
2025-09-10,1185036.2843800052,5,-0.0008299181422005697
2025-09-11,1219678.7843800054,5,0.029233282099986324
2025-09-12,1212798.8843800053,5,-0.005640747455894601
2025-09-15,1225308.9673800054,4,0.01031505153997192
2025-09-16,1235488.8950900054,5,0.008308049627488545
2025-09-17,1249406.8950900054,5,0.011265176122029041
2025-09-18,1238892.6424800055,4,-0.008415395057702502
2025-09-19,1234109.4294800055,5,-0.0038608777193357424
2025-09-22,1246107.8294800054,5,0.00972231449933525
2025-09-23,1249154.2351600055,4,0.002444736810033099
2025-09-24,1262299.4340000055,5,0.010523279247671269
2025-09-25,1281181.4151400058,3,0.014958401019135925
2025-09-26,1263521.9963200055,2,-0.013783698866776328
2025-09-29,1271095.7257400057,5,0.005994141330391223
2025-09-30,1282341.3257400054,5,0.00884717002211044
2025-10-09,1294975.3692400055,4,0.009852324998345763
2025-10-10,1249617.9684800056,2,-0.03502568607665424
2025-10-13,1262136.7669600057,4,0.010018100568150112
2025-10-14,1214421.0191600057,3,-0.03780552872643794
2025-10-15,1231329.764050006,5,0.013923297294125891
2025-10-16,1231747.764050006,5,0.00033947039388149136
2025-10-17,1194055.2318300058,2,-0.030600852966898406
2025-10-20,1197656.1327900058,4,0.003015690450500541
2025-10-21,1216632.4144900057,5,0.015844515951163318
2025-10-22,1205830.8144900058,5,-0.008878277342731944
2025-10-23,1213370.7144900057,5,0.006252867242564797
2025-10-24,1238534.614490006,5,0.02073883908643448
2025-10-27,1255459.8144900058,5,0.013665504219249724
2025-10-28,1251701.114490006,5,-0.0029938831626616924
2025-10-29,1284115.014490006,5,0.0258958785166592
2025-10-30,1281583.3144900058,5,-0.0019715523698674575
2025-10-31,1264523.4749900056,4,-0.01331153371545657
2025-11-03,1250692.5239400058,3,-0.010937678361494285
2025-11-04,1230248.9787900057,2,-0.016345780244690133
2025-11-05,1240217.8602000056,4,0.008103141381840206
2025-11-06,1263384.045820006,5,0.01867912595313248
2025-11-07,1263548.4458200058,5,0.00013012670259993087
2025-11-10,1260421.345820006,5,-0.0024748556419381673
2025-11-11,1246840.7030700059,4,-0.010774684826656
2025-11-12,1221647.5973200058,2,-0.020205552872928356
2025-11-13,1229289.706630006,5,0.006255575934307922
2025-11-14,1206189.406630006,5,-0.018791583363475417
2025-11-17,1204700.5066300058,5,-0.0012343832501066077
2025-11-18,1194932.2066300057,5,-0.00810848833070188
2025-11-19,1192247.0066300058,5,-0.002247156771824632
2025-11-20,1180845.2315300058,4,-0.009563265864032777
2025-11-21,1145692.493100006,0,-0.029769132729149383
2025-11-24,1145423.089020006,3,-0.0002351451908976232
2025-11-25,1162327.608590006,5,0.014758319202787362
2025-11-26,1168682.108590006,5,0.005467047287733617
2025-11-27,1163215.408590006,5,-0.004677662094609625
2025-11-28,1176571.008590006,5,0.011481622321517504
2025-12-01,1179811.408590006,5,0.002754104917036093
2025-12-02,1162965.708590006,5,-0.01427829895299304
2025-12-03,1155893.108590006,5,-0.00608152067404899
2025-12-04,1153121.4085900057,5,-0.0023978860842774896
2025-12-05,1171141.008590006,5,0.015626802057238764
2025-12-08,1187663.708590006,5,0.014108207191798838
2025-12-09,1190657.8085900059,5,0.002520999823725001
2025-12-10,1178719.908590006,5,-0.010026306394560924
2025-12-11,1167413.408590006,5,-0.009592185486647864
2025-12-12,1183265.408590006,5,0.013578737303648003
2025-12-15,1171825.8915200061,0,-0.009667752464454504
2025-12-16,1171825.8915200061,0,0.0
2025-12-17,1171550.396030006,3,-0.00023509933685006423
2025-12-18,1151313.213640006,5,-0.017273847082103333
2025-12-19,1155042.013640006,5,0.0032387363888677356
2025-12-22,1197717.713640006,5,0.03694731403363538
2025-12-23,1196321.413640006,5,-0.0011658005756268741
2025-12-24,1219188.413640006,5,0.01911442839631472
2025-12-25,1220133.9136400062,5,0.0007755159001039402
2025-12-26,1211337.213640006,5,-0.007209618470285006
2025-12-29,1217515.113640006,5,0.005100066216438215
2025-12-30,1218101.713640006,5,0.0004818010006022444
2025-12-31,1204065.5136400058,5,-0.011523011455304766
2026-01-05,1232897.3136400061,5,0.023945374793468588
2026-01-06,1233569.517260006,2,0.0005452227144653321
2026-01-07,1234282.9172500058,3,0.000578321675445137
2026-01-08,1234266.0821000058,5,-1.3639620029315402e-05
2026-01-09,1262742.4821000057,5,0.02307152437629134
2026-01-12,1321904.0821000056,5,0.04685167469903373
2026-01-13,1288580.027060006,4,-0.025209132410772384
2026-01-14,1313768.9270600057,5,0.019547796389076444
2026-01-15,1301361.3992500058,4,-0.009444223831481469
2026-01-16,1302172.780450006,5,0.0006234864507796978
2026-01-19,1296671.780450006,5,-0.00422447779786872
2026-01-20,1288607.3124500061,4,-0.006219359533837565
2026-01-21,1313383.327840006,5,0.019226970971392143
2026-01-22,1313076.927840006,5,-0.00023329061173926746
2026-01-23,1320675.627840006,5,0.005786941982523164
2026-01-26,1326341.927840006,5,0.004290455491533063
2026-01-27,1329389.910480006,4,0.0022980368606484447
2026-01-28,1330991.764700006,3,0.001204954398534408
2026-01-29,1324608.464700006,3,-0.004795897442264607
2026-01-30,1323656.6647000061,3,-0.000718551953550528
2026-02-02,1300949.7779300062,4,-0.017154665084654908
2026-02-03,1334517.1329700062,5,0.025802191298583743
2026-02-04,1326981.0424900062,4,-0.0056470541245343675
2026-02-05,1296391.9405700064,1,-0.023051649526658724
2026-02-06,1295590.4853200063,3,-0.0006182198646249581
2026-02-09,1328882.144760006,5,0.02569612838101154
2026-02-10,1316728.0447600062,5,-0.00914610828953144
2026-02-11,1305993.9147800063,4,-0.008152123760648222
2026-02-12,1316503.4065400064,5,0.008047121537905877
2026-02-13,1295561.1259100065,4,-0.015907502043644328
2026-02-24,1295476.1149500064,4,-6.561709694741236e-05
2026-02-25,1304437.5405700065,5,0.006917476529735955
2026-02-26,1308533.8405700065,5,0.003140280674696072
2026-02-27,1319498.4405700064,5,0.00837930182625124
2026-03-02,1307019.8372500064,2,-0.009457080763664583
2026-03-03,1282964.3782300064,2,-0.018404815546344766
2026-03-04,1273989.9005700066,3,-0.006995110552002304
2026-03-05,1268368.3651200067,5,-0.004412543182237716
2026-03-06,1257843.1651200068,5,-0.008298220209082663
2026-03-09,1263766.8651200067,5,0.004709410651712487
2026-03-10,1261190.5651200067,5,-0.0020385880268789514
2026-03-11,1264610.3651200067,5,0.0027115648456144115
2026-03-12,1274062.9651200068,5,0.0074747133668346954
2026-03-13,1255516.8562400066,3,-0.014556665869534413
2026-03-16,1244612.3850500067,2,-0.008685244754623511
2026-03-17,1220257.9145500069,3,-0.019567915917067857
2026-03-18,1242765.0627800068,4,0.018444582871892212
2026-03-19,1229312.8166900068,5,-0.010824448234735495
2026-03-20,1229549.7667300068,4,0.00019274999559359962
2026-03-23,1196268.0737300068,3,-0.02706819512357994
2026-03-24,1209759.4895300067,5,0.011277920138696995
2026-03-25,1242596.5895300065,5,0.027143494458354844
2026-03-26,1227227.7895300067,5,-0.012368294046109396
2026-03-27,1223999.5368100067,4,-0.0026305244613441525
2026-03-30,1225296.086300007,4,0.001059272860004068
2026-03-31,1212365.808220007,5,-0.010552778405622187
2026-04-01,1247148.060990007,4,0.028689569215967214
2026-04-02,1231717.2459800069,5,-0.012372881370437128
2026-04-03,1242062.045980007,5,0.008398680812307102
2026-04-07,1244977.776970007,4,0.0023474922202453286
2026-04-08,1266943.7224400067,5,0.01764364463071777
2026-04-09,1259724.022440007,5,-0.005698516731347247
2026-04-10,1265267.022440007,5,0.004400170117629054
2026-04-13,1258077.3388400069,3,-0.00568234489043673
2026-04-14,1263212.292340007,5,0.004081588103903577
2026-04-15,1265593.8923400068,5,0.0018853521410784335
2026-04-16,1287184.4923400069,5,0.017059658813681766
2026-04-17,1303416.092340007,5,0.012610158137076555
2026-04-20,1310698.3174400069,4,0.005587030222195866
2026-04-21,1305353.708190007,5,-0.004077680713315379
2026-04-22,1322491.5606300067,4,0.013128895511212102
2026-04-23,1305857.2132900066,5,-0.012578036665939707
2026-04-24,1289535.724950007,4,-0.012498677630212729
2026-04-27,1293996.0095500068,5,0.003458829804946051
2026-04-28,1277154.062090007,3,-0.01301545548494909
2026-04-29,1287616.733540007,5,0.00819217646528747
2026-04-30,1291686.4335400066,5,0.0031606454731378797
2026-05-06,1327580.1886400068,4,0.02778828837090863
2026-05-07,1349410.3659800068,5,0.016443584746743678
2026-05-08,1348089.165980007,5,-0.0009790943017101705
2026-05-11,1380565.565980007,5,0.024090691342653736
2026-05-12,1381154.065980007,5,0.0004262745750740482
2026-05-13,1410373.0680400068,4,0.021155497985134053
2026-05-14,1387378.3564400068,3,-0.016303992270609524
2026-05-15,1372862.8104900068,2,-0.010462572003246962
2026-05-18,1376448.6449700068,4,0.0026119394105519333
2026-05-19,1386376.7288200068,3,0.007212825473932982
2026-05-20,1406219.5074800067,5,0.014312688786177752
2026-05-21,1365361.941740007,4,-0.0290548989845959
2026-05-22,1389532.573890007,5,0.017702728786476385
2026-05-25,1419214.1738900067,5,0.021360852244655115
2026-05-26,1423080.1738900067,5,0.0027240426928680783
2026-05-27,1404878.3574300068,4,-0.012790436402641325
2026-05-28,1424195.157430007,4,0.013749802534745337
2026-05-29,1406244.504580007,5,-0.012604068168854288
2026-06-01,1383730.0979500068,2,-0.01601030728061359
2026-06-02,1405597.5110800068,5,0.01580323587843946
2026-06-03,1421699.611080007,5,0.01145569757563658
2026-06-04,1415730.087480007,4,-0.004198864199917107
2026-06-05,1384871.111350007,2,-0.02179721714110694
2026-06-08,1368887.2995500069,1,-0.011541732417552297
2026-06-09,1372990.440020007,5,0.0029974275247852677
2026-06-10,1344716.6400200068,5,-0.02059286006360561
2026-06-11,1340859.740020007,5,-0.002868187903097952
2026-06-12,1335905.7400200071,5,-0.0036946444524659228
2026-06-15,1406652.6400200068,5,0.052958002859498254
2026-06-16,1428413.640020007,5,0.01547005947373803
2026-06-17,1474679.4400200068,5,0.032389637499787405
2026-06-18,1527225.140020007,5,0.03563194723816543
2026-06-22,1560682.299480007,4,0.02190715604613591
2026-06-23,1523888.356080007,5,-0.02357554988113797
2026-06-24,1570520.656080007,5,0.030600863779781884
2026-06-25,1625291.156080007,5,0.034874103557928526
2026-06-26,1570452.8184700068,3,-0.033740623890591515
2026-06-29,1597638.198310007,1,0.01731053586600928
2026-06-30,1612536.778360007,5,0.009325377964648052
2026-07-01,1650124.5783600071,5,0.023309731910876375
2026-07-02,1606559.1235200071,3,-0.0264013126107715
2026-07-03,1610095.790510007,5,0.0022013923659720547
2026-07-06,1596115.3911900073,4,-0.008682961226531227
2026-07-07,1581791.1147100073,3,-0.008974461720665627
2026-07-08,1583144.9635900073,3,0.0008558961214346628
2026-07-09,1633463.8412900073,5,0.03178412517947482
2026-07-10,1619697.0853600074,4,-0.008427952662317773
2026-07-13,1581383.1055100074,3,-0.023655027965605036
2026-07-14,1580542.0783900074,4,-0.0005318300904250117
2026-07-15,1588569.6783900075,4,0.005079016945994441
2026-07-16,1586326.3783900074,4,-0.0014121508363885704
2026-07-17,1545672.8034300073,2,-0.025627497287954215
2026-07-20,1552629.8481300073,4,0.004500981504340196
